{
  "train_loss": [
    2.0867652893066406,
    0.8525346517562866,
    0.6455628275871277,
    0.573464035987854,
    0.542539656162262,
    0.5166699886322021,
    0.5092835426330566,
    0.5055427551269531,
    0.5024080872535706,
    0.48357337713241577,
    0.47837209701538086,
    0.4645540416240692,
    0.46049800515174866,
    0.45647555589675903,
    0.45236098766326904,
    0.4448812007904053,
    0.4414074718952179,
    0.44001099467277527,
    0.43094387650489807,
    0.42848101258277893,
    0.42828798294067383,
    0.4282402992248535,
    0.4250313937664032,
    0.4163757562637329,
    0.41569092869758606,
    0.4145284593105316,
    0.40766048431396484,
    0.3937111794948578,
    0.403670072555542,
    0.39090630412101746,
    0.390757292509079,
    0.39609915018081665,
    0.3908221423625946,
    0.3873927593231201,
    0.3902260363101959,
    0.38475140929222107,
    0.3800244629383087,
    0.37831854820251465,
    0.37582919001579285,
    0.3797467052936554,
    0.37900736927986145,
    0.3711101710796356,
    0.3747820556163788,
    0.37566763162612915,
    0.36985859274864197,
    0.3679330348968506,
    0.363394558429718,
    0.3662644028663635,
    0.3615371584892273,
    0.36711975932121277
  ],
  "train_mae": [
    1.0156830549240112,
    0.63288813829422,
    0.5657884478569031,
    0.5294600129127502,
    0.5103806257247925,
    0.49935299158096313,
    0.4957024157047272,
    0.48864683508872986,
    0.48265349864959717,
    0.4752189517021179,
    0.4753795564174652,
    0.4674939215183258,
    0.4679046869277954,
    0.46281594038009644,
    0.46072888374328613,
    0.4577189087867737,
    0.4567722976207733,
    0.4561244547367096,
    0.4517826437950134,
    0.4479965567588806,
    0.44697773456573486,
    0.4447091519832611,
    0.4442579448223114,
    0.4380970299243927,
    0.4371529817581177,
    0.43394899368286133,
    0.43235835433006287,
    0.42569276690483093,
    0.4284989535808563,
    0.4232963025569916,
    0.4220796525478363,
    0.42458459734916687,
    0.42225348949432373,
    0.4215295612812042,
    0.42252859473228455,
    0.419315367937088,
    0.4171395003795624,
    0.41422897577285767,
    0.41480448842048645,
    0.4148372709751129,
    0.41672277450561523,
    0.41220536828041077,
    0.4125785529613495,
    0.4141177237033844,
    0.40876832604408264,
    0.40925294160842896,
    0.4056466519832611,
    0.40686652064323425,
    0.4027026295661926,
    0.40739431977272034
  ],
  "val_loss": [
    0.7554338574409485,
    0.5480186343193054,
    0.445096880197525,
    0.4081791937351227,
    0.3944360017776489,
    0.3798784911632538,
    0.3692985475063324,
    0.369560182094574,
    0.3603329360485077,
    0.35843631625175476,
    0.3542787730693817,
    0.34453365206718445,
    0.3413065969944,
    0.3391639292240143,
    0.3352227807044983,
    0.3334137499332428,
    0.32860761880874634,
    0.3257729411125183,
    0.33204492926597595,
    0.3209896981716156,
    0.3195534348487854,
    0.3212741017341614,
    0.31180107593536377,
    0.3128264844417572,
    0.3250287175178528,
    0.30854853987693787,
    0.30215874314308167,
    0.30306267738342285,
    0.3021615743637085,
    0.2976204752922058,
    0.3022885024547577,
    0.29853832721710205,
    0.29364633560180664,
    0.2935623526573181,
    0.2939243018627167,
    0.2919043302536011,
    0.2881702184677124,
    0.29311877489089966,
    0.2907091975212097,
    0.28605473041534424,
    0.2940078675746918,
    0.28479453921318054,
    0.2866501212120056,
    0.2852521240711212,
    0.2860821485519409,
    0.28616708517074585,
    0.2818562090396881,
    0.28468480706214905,
    0.2844810485839844,
    0.2822795510292053
  ],
  "val_mae": [
    0.6211753487586975,
    0.5248386859893799,
    0.4636375904083252,
    0.44659149646759033,
    0.4361792802810669,
    0.4238934814929962,
    0.4213373363018036,
    0.4189820885658264,
    0.4097561538219452,
    0.41955238580703735,
    0.41100791096687317,
    0.40416786074638367,
    0.403786301612854,
    0.40215760469436646,
    0.39733487367630005,
    0.406541645526886,
    0.3991314172744751,
    0.3965463936328888,
    0.4042452573776245,
    0.39115211367607117,
    0.3896636962890625,
    0.3859892785549164,
    0.38343527913093567,
    0.39173582196235657,
    0.3968820869922638,
    0.3845297694206238,
    0.3765936493873596,
    0.3747524321079254,
    0.3728412091732025,
    0.3744165599346161,
    0.3739854097366333,
    0.37226539850234985,
    0.3705677092075348,
    0.3718940019607544,
    0.36718836426734924,
    0.365793913602829,
    0.3676716089248657,
    0.3778306841850281,
    0.3657066822052002,
    0.3666209578514099,
    0.3660004436969757,
    0.36047667264938354,
    0.35773763060569763,
    0.36079126596450806,
    0.35611581802368164,
    0.36517131328582764,
    0.36166292428970337,
    0.36315569281578064,
    0.3645694851875305,
    0.36003974080085754
  ],
  "test_mse": 0.3505718410015106,
  "test_mae": 0.38814613223075867,
  "test_r2": 0.7580132085762568
}