{
  "train_loss": [
    2.236548477747122,
    0.9879119481359797,
    0.7756085117449241,
    0.6810456473105958,
    0.6297186359858296,
    0.605906119238206,
    0.5749042313760122,
    0.5619091857790969,
    0.5485711348598808,
    0.5335075894582579,
    0.5286042946918309,
    0.5250125868639971,
    0.5115070078228874,
    0.503472775253081,
    0.5012353405384838,
    0.4987887951742229,
    0.48724834932891015,
    0.4837994607957881,
    0.4739424252707841,
    0.4779835931824524,
    0.4733046612459167,
    0.46720528818827817,
    0.4601140959258368,
    0.45339845282080316,
    0.45567341494460395,
    0.4519360788662915,
    0.4469731107616034,
    0.4423883863603179,
    0.4397093072285622,
    0.43492718694574906,
    0.4340895752398417,
    0.42665971216602,
    0.42523163589330254,
    0.4269424629424012,
    0.42438252720645725,
    0.417641803654742,
    0.41481736683324005,
    0.41228411019394456,
    0.4149391474920578,
    0.40709552595635407,
    0.4090946548636381,
    0.4118191241088216,
    0.4041414154303358,
    0.40363675058513604,
    0.403068195649702,
    0.4013253833505055,
    0.40149196579501506,
    0.3943764779771771,
    0.3914720725812097,
    0.3894772696108364
  ],
  "train_mae": [
    1.046176436724223,
    0.649562891891157,
    0.5952840846417946,
    0.5530641032813579,
    0.5297242112899654,
    0.5137251398108036,
    0.5015858461363184,
    0.4947092262646579,
    0.4886839898464924,
    0.4809562865650146,
    0.47845563935508917,
    0.47565866511360483,
    0.46848647691652007,
    0.46464385243426504,
    0.46412067183407474,
    0.4629413863314814,
    0.4569959707104191,
    0.4553423030834513,
    0.4503851223105214,
    0.452195852006628,
    0.4492821735465926,
    0.4474014240219486,
    0.44316540525042925,
    0.4404368195012584,
    0.4422122260215141,
    0.4407579294654633,
    0.43755208121397476,
    0.43546174832432966,
    0.4361032730041964,
    0.4320162833416438,
    0.43146790360071474,
    0.42877301055901046,
    0.4277806303055797,
    0.42935011252828664,
    0.42730969137350094,
    0.42511974717518836,
    0.4227086072746997,
    0.4227676338083792,
    0.42367602309112073,
    0.42106977201038626,
    0.4205031924145072,
    0.4233265798743207,
    0.42143210288364275,
    0.4197663249626609,
    0.4184456189470835,
    0.41837731388350274,
    0.4193438280025428,
    0.4148614624135974,
    0.4119251291725469,
    0.41384635134912945
  ],
  "test_mse": 0.3368047125299538,
  "test_mae": 0.40155611467727653,
  "test_r2": 0.7497712672033109
}