{
  "train_loss": [
    2.5686887923987602,
    0.606164702602531,
    0.4886484787809996,
    0.47305837237648146,
    0.4614783541151141,
    0.463692766345241,
    0.45944536925157725,
    0.44875865312135,
    0.45167507303179993,
    0.4455354270221771,
    0.44139456660718585,
    0.43957607611779353,
    0.4324758648192166,
    0.4346120467077299,
    0.4342951667836579,
    0.43147802484945574,
    0.42825328463526724,
    0.42723550918865094,
    0.4312961813680719,
    0.4233646039355192,
    0.42558934391753717,
    0.4221639712652553,
    0.4193218044600058,
    0.42181629259216413,
    0.4235310042941695,
    0.42396686076194784,
    0.4180898356830356,
    0.4204040820139701,
    0.42262057344406295,
    0.41976137670463226,
    0.4171736322945076,
    0.4169877551889435,
    0.4157385205496511,
    0.4161665004043236,
    0.41869842388390094,
    0.41734074789479425,
    0.4145633320130891,
    0.42074465237603836,
    0.41658866807624406,
    0.41938152157242004,
    0.4150501199151317,
    0.41606160618009563,
    0.41869088205455,
    0.4124866379253207,
    0.4133930258719259,
    0.4109434119100873,
    0.4110904837546617,
    0.41384475371209417,
    0.4112388921574039,
    0.4118171810762041
  ],
  "train_mae": [
    1.2033760810878593,
    0.561657130358755,
    0.49812776983469126,
    0.48812133957167697,
    0.4799462560664997,
    0.48062451526838096,
    0.47517450620527585,
    0.4712694185588159,
    0.4711571121593048,
    0.4688367280619805,
    0.46612445111936757,
    0.46545628735686123,
    0.45887904215764125,
    0.4603612580385755,
    0.46130663896549073,
    0.4598389442397849,
    0.4576337335674119,
    0.4558403814720635,
    0.4577793528339024,
    0.45440460170376595,
    0.4544510173186701,
    0.45460080107725825,
    0.45115446246736957,
    0.45340910301698534,
    0.45196580232340183,
    0.4541332461747346,
    0.4502444247304881,
    0.4510572075666173,
    0.4526480871591022,
    0.45245694814961335,
    0.4502371632847898,
    0.44971900577505564,
    0.44873404156290164,
    0.44961119428517227,
    0.44985337622326393,
    0.4491752414730762,
    0.4470230371708751,
    0.4490931339158854,
    0.448386250456634,
    0.44969366430195595,
    0.44581891654701017,
    0.4485659921809434,
    0.4485620313702395,
    0.4447319722340684,
    0.44680598224308565,
    0.4452603670250819,
    0.4447258735268699,
    0.44644725889342307,
    0.44515082398185624,
    0.44563769712008916
  ],
  "test_mse": 0.41659462221718446,
  "test_mae": 0.4476050192643556,
  "test_r2": 0.6904914315946499
}