{
  "train_acc": [
    0.7773148417472839,
    0.8455740809440613,
    0.8587407469749451,
    0.8629814982414246,
    0.8711666464805603,
    0.8737407326698303,
    0.8761851787567139,
    0.879537045955658,
    0.879370391368866,
    0.8819444179534912
  ],
  "train_loss": [
    0.7479904294013977,
    0.5423691868782043,
    0.4895789325237274,
    0.46914008259773254,
    0.4440225660800934,
    0.4341709017753601,
    0.42257019877433777,
    0.410675972700119,
    0.4069425165653229,
    0.4018251895904541
  ],
  "val_acc": [
    0.843999981880188,
    0.8521666526794434,
    0.8601666688919067,
    0.8658333420753479,
    0.8628333210945129,
    0.8698333501815796,
    0.8790000081062317,
    0.8805000185966492,
    0.8741666674613953,
    0.8796666860580444
  ],
  "val_loss": [
    0.5326781868934631,
    0.5079463720321655,
    0.47533944249153137,
    0.45793604850769043,
    0.4549036920070648,
    0.43785154819488525,
    0.4131176769733429,
    0.4095015823841095,
    0.414042592048645,
    0.41003236174583435
  ],
  "test_acc": 0.8700000047683716,
  "test_loss": 0.4292975664138794
}