{
  "train_acc": [
    0.6860063521677328,
    0.8160814232409381,
    0.8371257551528074,
    0.84761460554371,
    0.8558046819474058,
    0.8593638948116561,
    0.8658326670220327,
    0.869142013148543,
    0.8721015458422174,
    0.8756052327647478
  ],
  "train_loss": [
    0.8885153938994619,
    0.595846857112917,
    0.5321183836433023,
    0.4998353799718965,
    0.4777623835359993,
    0.4618892757837034,
    0.4502576540023811,
    0.4376552824718256,
    0.42815799348043687,
    0.4208646489398123
  ],
  "test_acc": 0.8674,
  "test_loss": 0.3611064711244299
}