{
  "train_acc": [
    0.6875943941009239,
    0.8125777363184079,
    0.8357098436389482,
    0.8468150319829424,
    0.8518623400852878,
    0.8602189943141435,
    0.8648387526652452,
    0.8685367803837953,
    0.8712131307746979,
    0.8747001599147122
  ],
  "train_loss": [
    0.8773391041291109,
    0.5955506570638067,
    0.5387974277880813,
    0.5046570681858555,
    0.4857772095098496,
    0.46594415847286585,
    0.44999310342689997,
    0.43964558964892275,
    0.4312143719091782,
    0.4209210757067428
  ],
  "test_acc": 0.8699,
  "test_loss": 0.3596913935390836
}